epoch,seed,method,train_loss,val_loss
1,42,unet_seg,1.266342622748876,0.8928616428375244
2,42,unet_seg,0.7688252914507511,0.6817133462429047
3,42,unet_seg,0.5585469241111966,0.5998058629035949
4,42,unet_seg,0.48889473901461744,0.5237995314598084
5,42,unet_seg,0.42516979789834913,0.47326125502586364
6,42,unet_seg,0.40054974717608954,0.4383854591846466
7,42,unet_seg,0.36393037413136436,0.42039828091859816
8,42,unet_seg,0.3357060813676503,0.34153832256793976
9,42,unet_seg,0.29999983758997106,0.31891082376241686
10,42,unet_seg,0.2937574812795146,0.34239991307258605
11,42,unet_seg,0.2813824309130846,0.3860618567466736
12,42,unet_seg,0.29289639671727763,0.3219025301933289
13,42,unet_seg,0.2800502668497926,0.30121089309453963
14,42,unet_seg,0.2796778335409649,0.3009261178970337
15,42,unet_seg,0.27632551842321784,0.28618423759937284
16,42,unet_seg,0.2689506047231666,0.28839574724435807
17,42,unet_seg,0.27171611148169483,0.29325919806957246
18,42,unet_seg,0.2628162168597771,0.3049678564071655
19,42,unet_seg,0.26195777756935457,0.28437178254127504
20,42,unet_seg,0.26249016991863816,0.2793102642893791
21,42,unet_seg,0.25490756086626293,0.2929679495096207
22,42,unet_seg,0.2611612123200449,0.2809447580575943
23,42,unet_seg,0.2528371834906481,0.2742865964770317
24,42,unet_seg,0.2517279415565022,0.2816704362630844
25,42,unet_seg,0.25372620059524553,0.2784793499112129
26,42,unet_seg,0.25067332696359035,0.2725833714008331
27,42,unet_seg,0.24942767190731177,0.27830360233783724
28,42,unet_seg,0.24608356953930047,0.2741693797707558
29,42,unet_seg,0.25324640871357107,0.2928431260585785
30,42,unet_seg,0.24680071987085422,0.2690099549293518
31,42,unet_seg,0.24303151345101454,0.2746297305822372
32,42,unet_seg,0.2431326308366606,0.26899693965911864
33,42,unet_seg,0.24598926211060104,0.2686836558580399
34,42,unet_seg,0.24046567316024992,0.3080722203850746
35,42,unet_seg,0.2415948338427786,0.2740491047501564
36,42,unet_seg,0.23921642218858508,0.26946650713682174
37,42,unet_seg,0.2407466961165606,0.2757604265213013
38,42,unet_seg,0.23870501799856203,0.2694084492325783
39,42,unet_seg,0.24349684634451138,0.2733285176753998
40,42,unet_seg,0.23424591458702493,0.2609105163812637
41,42,unet_seg,0.23514490397804874,0.28208392798900606
42,42,unet_seg,0.24315022996042746,0.30034421145915985
43,42,unet_seg,0.2290715760535608,0.2719384703040123
44,42,unet_seg,0.22745313716389365,0.26379852294921874
45,42,unet_seg,0.2308330218923294,0.2526903375983238
46,42,unet_seg,0.2254199203166921,0.25600677281618117
47,42,unet_seg,0.22796918587538145,0.25442848205566404
48,42,unet_seg,0.22761689821037195,0.2670472368597984
49,42,unet_seg,0.2241973064966121,0.2661458092927933
50,42,unet_seg,0.22970782409785157,0.26192123085260394
51,42,unet_seg,0.22391460886446096,0.2485406818985939
52,42,unet_seg,0.22263764394289356,0.2651089382171631
53,42,unet_seg,0.22335253756935314,0.25295613557100294
54,42,unet_seg,0.22171729468440604,0.25987344682216645
55,42,unet_seg,0.2218274907287905,0.2433680337667465
56,42,unet_seg,0.220293745840505,0.2629303276538849
57,42,unet_seg,0.22100091248876969,0.2441377517580986
58,42,unet_seg,0.227019790054883,0.24401807844638823
59,42,unet_seg,0.22167702960008281,0.2589125156402588
60,42,unet_seg,0.22469383541305185,0.24948545128107072
61,42,unet_seg,0.21477982578641278,0.2557289344072342
62,42,unet_seg,0.21453582429153434,0.25075364887714385
63,42,unet_seg,0.2095161632208501,0.25922450989484785
64,42,unet_seg,0.21255772245132318,0.2416938191652298
65,42,unet_seg,0.21034320803769566,0.27505466222763064
66,42,unet_seg,0.21263305520859815,0.23862817615270615
67,42,unet_seg,0.21429528491729397,0.250463270843029
68,42,unet_seg,0.20638634820105667,0.24115108966827392
69,42,unet_seg,0.20384433726638052,0.2389236244559288
70,42,unet_seg,0.20859740194627793,0.2506826215982437
71,42,unet_seg,0.20632616386322652,0.2397076117992401
72,42,unet_seg,0.21607371369155787,0.25628098398447036
73,42,unet_seg,0.205702584079009,0.25241629034280777
74,42,unet_seg,0.20225162330572888,0.24148853212594987
75,42,unet_seg,0.1990980845007856,0.24020793974399568
76,42,unet_seg,0.19399517932433194,0.24763896375894545
77,42,unet_seg,0.19402662203726123,0.24030257374048233
78,42,unet_seg,0.1947629072908628,0.23522115170955657
79,42,unet_seg,0.19559523314868998,0.22728002756834031
80,42,unet_seg,0.19111856287818843,0.23323538392782212
81,42,unet_seg,0.18837806961293949,0.23191374123096467
82,42,unet_seg,0.18858391254887744,0.24176913857460022
83,42,unet_seg,0.18518468020957404,0.2350135025382042
84,42,unet_seg,0.18243740618986598,0.22662593960762023
85,42,unet_seg,0.18218470601585962,0.22190291941165924
86,42,unet_seg,0.18510111617082256,0.23217613250017166
87,42,unet_seg,0.18550351164224793,0.2279321891069412
88,42,unet_seg,0.18252390307390085,0.24941442996263505
89,42,unet_seg,0.17540447726466898,0.22060327470302582
90,42,unet_seg,0.17374575674786405,0.21803348869085312
91,42,unet_seg,0.1736726304358345,0.21918499261140822
92,42,unet_seg,0.17283796692677475,0.21541695356369017
93,42,unet_seg,0.17174677995933316,0.2196828070282936
94,42,unet_seg,0.16476949500077862,0.22040747731924057
95,42,unet_seg,0.16483528173323406,0.22902048259973526
96,42,unet_seg,0.18028240309933485,0.21322139710187912
97,42,unet_seg,0.1612377829723439,0.22286819964647292
98,42,unet_seg,0.16571260082645942,0.23792996227741242
99,42,unet_seg,0.15726728585817046,0.22048362374305724
100,42,unet_seg,0.1578864229180045,0.2176472720503807
